-0.5473175,3.1250763,10.320694
-0.1714325,3.1011353,9.188232
-0.19537354,3.175354,9.286392
-0.29832458,3.084381,9.595245
0.044052124,3.2112732,8.905716
-0.48986816,3.2400055,8.972748
-0.116363525,3.0341034,9.700592
-1.0070038,3.1250763,10.787552
2.7782288,0.87931824,6.1571655
-3.7579498,4.1378326,12.226471
1.526062,0.17781067,8.721359
-0.15228271,4.3269653,5.862686
3.5276031,2.799469,5.707062
2.4334564,5.0548096,5.874649
-1.9694824,3.6134949,8.084503
0.9634247,4.552017,7.8259277
-0.24085999,2.9455109,9.868179
-1.0357361,3.7691193,9.363007
-1.8162537,2.962265,9.094849
-1.5696411,2.6821442,11.663834
0.089538574,1.2192993,9.341461
0.25952148,1.5640564,7.2082214
-0.5569,0.63272095,7.2632904
-1.4379578,0.04135132,3.0255585
-3.336563,-2.1900482,7.8642426
-5.364456,-1.7662811,12.587997
-1.7970886,-1.4119415,6.1930847
-5.309387,-2.743103,13.454697
-1.1698151,-3.14534,3.2960968
-13.250961,-9.497147,7.9073334
-8.66127,-10.624817,4.533905
-9.120956,-11.182678,3.7342377
-7.2391205,-8.156403,3.1811829
-7.2391205,-8.156403,3.1811829
-6.324524,-10.308792,0.78697205
-1.284729,-7.205902,-1.1786652
-7.2510834,-11.09169,-0.97276306
-4.193695,-10.45723,1.6177673
-1.1099548,-8.556229,-3.0844421
1.6002808,-8.185135,-2.399704
3.874771,-52.839386,-6.0628357
3.6138,0.6925659,5.6543884
-0.8466034,-7.9744415,0.14772034
3.304947,-10.294418,2.5036163
0.6713257,-5.1277313,1.1245575
0.23078918,-3.1788483,-7.257538
3.134964,-14.316681,-10.214386
2.6202087,-10.026276,-5.885666
0.3768463,-5.3887024,-3.900879
7.779709,-30.740906,-2.296753
5.5459137,5.6198425,-3.742859
5.5459137,5.6198425,-3.742859
3.170868,-6.8467712,-1.2935791
1.9665833,-6.6217194,-0.70700073
-2.596756,-10.076553,0.7127533
1.6074524,-6.782135,1.9385834
-2.2328339,-12.781998,-5.387665
-1.442749,-13.5242,-1.9902954
-1.1434784,-15.817841,-3.570465
0.5875244,-10.507507,0.65289307
0.71681213,-14.235275,6.2289886
4.7031555,-15.810669,-2.375763
5.8212585,-13.62236,-1.2504883
-0.087631226,-6.8467712,1.7925415
1.3728333,-0.47579956,2.1732178
1.9737701,-0.16455078,2.9944305
-1.2392426,-3.0615387,-0.66630554
8.110107,-23.54393,-23.923584
3.7215424,-7.3303986,-10.137772
3.4174805,-14.527374,-7.930313
4.7031555,-10.088516,1.6919861
1.1860809,-11.807556,-1.786789
-5.1082764,-14.694962,0.10702515
3.9825134,-5.836426,0.1237793
4.4302216,-6.253006,-1.0182495
-1.0333405,-7.605728,-0.22097778
1.0065155,-9.870651,-1.5784912
-2.0700378,-11.82193,-4.0349426
0.5803528,-14.489059,-1.2121887
0.33613586,-15.42041,-3.1730347
-1.6079559,-12.420471,-1.4923096
3.2786102,-12.188232,3.4373627
5.5531006,-18.382034,-0.31436157
6.953705,-11.917694,-0.6279907
-2.706894,-6.7917023,1.6297302
0.91075134,-0.7487335,0.8827362
1.0567932,-0.9139404,2.778946
-0.0038452148,-2.2810364,-0.18986511
6.924988,-20.663712,-26.799011
7.1141205,-11.745316,-8.167343
0.22122192,-11.917694,-5.3062744
9.374252,-26.043488,-2.588852
0.9466553,-5.5299683,-3.5920258
-8.694794,-15.817841,3.3463745
4.9306183,-5.4126434,-0.44125366
1.9785614,-6.932968,-0.61602783
-1.789917,-9.367859,-0.632782
0.077560425,-7.897827,0.016036987
0.5923157,-10.885788,-3.2448578
0.28825378,-12.935226,-0.94403076
1.4159241,-14.189789,-4.621521
-2.3381805,-13.789963,-1.0469818
3.6832275,-19.710815,2.4293976
8.016739,-17.979813,-0.45082092
-0.5736542,-9.2074585,-1.2648621
-1.9144135,-6.078232,2.9968262
1.1525574,0.5656738,2.4677124
2.5052795,-1.8452911,2.6257172
0.8508911,-5.7382507,-5.708496
3.9561768,-18.408371,-19.968353
1.6194305,-6.0375366,-5.2033234
0.3888092,-12.9879,-9.546402
11.509872,-5.1277313,-0.69503784
-3.3389587,-9.284073,2.4461517
4.032791,-12.367798,-4.4778748
5.6704254,-4.5914307,-0.23535156
0.13742065,-9.841919,-2.849823
-2.6135254,-9.049438,-1.6024323
1.3776093,-8.556229,-0.031845093
1.5332336,-11.089294,-2.7899628
-2.7667542,-14.812286,-2.5720825
-0.23606873,-13.5720825,-2.629547
-2.723648,-13.876144,0.37756348
0.032073975,-16.069244,6.3654633
11.107651,-16.689331,-0.22576904
-0.2288971,-8.436523,-2.2225342
-2.8792725,-7.529114,2.1492767
1.7487183,-0.67211914,2.5443268
2.9601898,-1.9242859,2.1181488
2.4837341,-2.1804657,-0.29281616
5.5914154,-17.94629,-22.807877
4.298538,-13.380554,-13.489655
1.4087372,-9.928116,-4.2432404
7.4732513,-26.27333,0.5355835
3.2450867,-5.0606995,-1.13797
-9.276581,-15.485046,3.106964
4.195587,-5.1804047,-1.1403503
1.4207153,-6.355957,-0.64476013
-2.761963,-10.485962,-1.3534393
1.1166534,-7.9121857,-1.6742706
1.2459412,-8.905792,-1.9639587
3.032013,-13.89769,-1.5545502
-1.9622955,-14.474701,-2.8450317
-1.1003876,-15.034943,-3.0652924
1.312973,-15.638275,6.087738
7.068634,-16.34697,-0.6232147
5.9912415,-12.118805,0.5858612
-2.8744812,-6.810852,1.668045
0.83413696,-0.9809723,1.9936523
2.3736115,-1.7566986,2.7167053
2.241928,-2.5204468,0.3177185
5.0024414,-19.289444,-24.814224
-1.6438599,-0.40637207,-1.5425873
0.24995422,-17.778702,-10.322113
7.676758,-16.595963,6.870636
-3.336563,-11.491516,3.470871
4.1884155,-10.888184,-5.7132874
6.158844,-4.093445,-1.489914
1.1238251,-7.363922,-0.9272766
-3.2264404,-9.664749,-1.4372406
1.2674866,-10.43808,-2.4116821
0.621048,-10.397369,-2.6103973
-0.044540405,-13.009445,-2.7732086
0.5157013,-15.039734,-4.2743683
-2.3166351,-10.8403015,1.5028381
-0.41563416,-18.271896,3.7222595
8.134048,-17.026917,-1.4707642
1.688858,-8.860291,-0.25689697
-1.1793976,-5.980072,3.0686493
1.7463226,-0.6290283,2.4413757
3.213974,-1.8428955,1.8164825
0.25712585,-8.5394745,-13.348389
9.417343,-21.820114,-17.126434
-4.799423,-1.1868744,-4.9710846
0.644989,-16.296692,4.442917
6.594574,2.423584,3.7677612
-6.6669006,-9.346313,6.7772675
2.1461487,-12.961563,-4.2121124
7.027939,-2.9226685,-1.5258179
-1.3757172,-9.806,-0.95840454
-2.1562195,-9.585739,-0.50109863
2.0192566,-9.03508,-3.2664032
-0.106796265,-7.5123596,0.037597656
-1.9072266,-14.78595,-3.3908997
-2.6159058,-15.623917,-0.68785095
0.39839172,-14.855377,0.83724976
5.0431366,-15.832214,1.838028
3.0822906,-14.702148,-0.67826843
-0.33424377,-8.525101,-1.3079529
-0.45155334,-5.671219,1.5243835
1.854065,-2.2068024,1.2275085
2.443039,-2.1996307,1.7901459
2.5100708,-4.668045,-1.671875
4.83963,-15.317459,-19.587677
2.4310608,-6.6528473,-11.330078
1.3009949,-8.948883,-4.9351654
4.506836,-13.581665,6.616852
7.4253693,-5.221115,-1.142746
-3.1929169,-13.5481415,-1.2720337
5.158066,-6.7653656,-0.948822
1.1381989,-8.355118,-0.7548828
-1.224884,-8.733398,-0.7716522
0.47021484,-8.477219,-0.79319763
1.3177643,-9.087738,-2.5194244
2.2874146,-12.894531,-1.3390808
-2.4531097,-13.177048,-0.9967041
-1.765976,-15.858551,-2.1866302
1.9210968,-13.749252,2.5084076
5.7302704,-16.327805,0.77500916
6.589798,-12.901703,0.044769287
-1.0788422,-8.556229,-4.0828247
0.27389526,-4.3520203,1.3831329
2.4885254,-1.6681213,1.3807373
2.2946014,-2.1469574,0.6337433
-0.001449585,-5.8005066,-6.8601074
8.327988,-16.816223,-14.083405
8.327988,-16.816223,-14.083405
8.327988,-16.816223,-14.083405
8.327988,-16.816223,-14.083405
8.327988,-16.816223,-14.083405
8.327988,-16.816223,-14.083405
8.327988,-16.816223,-14.083405
8.327988,-16.816223,-14.083405
0.008132935,-14.141907,-1.7173615
-3.015747,-15.336609,-1.5569458
-0.9447632,-14.275986,-1.5090637
5.4860687,-11.225769,0.32728577
0.64019775,-16.121902,0.14772034
4.197983,-9.992752,-0.9033356
-2.7835083,-7.423767,-0.7285614
1.3033905,-2.070343,1.031189
2.301773,-1.6848755,2.1205444
2.4262695,-3.5188293,-0.90812683
2.036026,-13.20816,-17.825546
4.961731,-6.983246,-9.740326
-0.49224854,-12.233719,-8.44986
7.482834,-22.016434,0.6720581
0.89398193,-3.3201141,-1.0757141
-7.9789276,-16.26796,3.968872
4.707947,-5.4557343,-0.90812683
1.8444824,-7.181961,-0.4867401
-1.1315002,-9.454056,-1.5641327
-0.037353516,-8.072601,-1.2959747
1.7894135,-10.078949,-2.6654663
0.15896606,-13.0381775,-1.7819977
-3.312622,-14.618347,-3.0006561
-2.141861,-14.077255,-2.1004333
2.70401,-13.205765,3.2027283
6.1732025,-16.732437,0.13815308
6.764572,-12.090073,-1.0110626
-4.2751007,-8.474823,0.47094727
0.91075134,-3.3464508,1.6153717
2.3041687,-1.3856049,1.703949
2.217987,-2.4246826,-0.46040344
1.8277283,-13.418854,-16.767319
9.211441,-13.313507,-12.306915
5.890686,-7.086197,-7.12825
5.890686,-7.086197,-7.12825
5.890686,-7.086197,-7.12825
5.890686,-7.086197,-7.12825
6.9800415,-4.699173,-1.6742706
-0.65026855,-9.997543,-1.5737
-0.6742096,-8.249771,-1.9041138
-1.1722107,-8.441315,-2.612793
-1.1722107,-8.441315,-2.612793
-1.1722107,-8.441315,-2.612793
-1.1722107,-8.441315,-2.612793
-1.1722107,-8.441315,-2.612793
-1.1722107,-8.441315,-2.612793
-1.1722107,-8.441315,-2.612793
-0.99983215,-15.470688,-2.1890106
-0.99983215,-15.470688,-2.1890106
-0.99983215,-15.470688,-2.1890106
-0.99983215,-15.470688,-2.1890106
-0.99983215,-15.470688,-2.1890106
-0.99983215,-15.470688,-2.1890106
1.2076263,-2.9729462,1.8140869
1.7271729,-0.8899994,2.1253357
1.7271729,-0.8899994,2.1253357
1.7271729,-0.8899994,2.1253357
1.7271729,-0.8899994,2.1253357
1.7271729,-0.8899994,2.1253357
1.7271729,-0.8899994,2.1253357
1.7271729,-0.8899994,2.1253357
7.104553,-16.17218,0.45178223
11.725357,-9.715027,1.4022827
11.725357,-9.715027,1.4022827
11.725357,-9.715027,1.4022827
11.725357,-9.715027,1.4022827
11.725357,-9.715027,1.4022827
11.725357,-9.715027,1.4022827
4.5212097,-16.533707,-8.41394
10.018295,-21.697998,-14.830399
10.018295,-21.697998,-14.830399
10.018295,-21.697998,-14.830399
10.018295,-21.697998,-14.830399
10.018295,-21.697998,-14.830399
10.018295,-21.697998,-14.830399
10.018295,-21.697998,-14.830399
6.443741,-16.064453,3.2793427
2.557953,-8.556229,0.042373657
1.8181458,0.35977173,0.97372437
1.3776093,-12.353439,-1.2073975
-1.6893616,-7.9433136,1.2227173
5.7494354,-10.06218,-4.365341
3.1517181,-6.7773438,0.25306702
-0.44197083,-8.709457,-1.2145844
-3.051651,-9.243362,-1.161911
0.17333984,-8.328781,-1.0421906
1.0735474,-11.970367,-2.794754
-0.7532196,-11.929657,-0.8626251
1.3776093,-13.026199,-2.4978638
-4.1673584,-14.54892,-1.2528839
1.6625214,-12.427658,0.2315216
3.237915,-16.124298,0.63853455
5.8811035,-13.3350525,0.016036987
-1.9431458,-8.14682,-2.818695
-1.3565674,-7.553055,0.5571289
2.9075165,-2.4917145,0.97372437
3.032013,-2.8963318,0.3224945
1.289032,-5.6352997,-5.502594
3.5228271,-13.696579,-14.409027
0.98257446,-7.529114,-10.075516
2.9003296,-11.041412,-6.807434
5.392685,-6.935364,4.4836273
3.5635223,-6.7126923,-2.071701
-3.4873962,-14.041351,-1.8131256
6.6712036,-6.241043,-1.9519958
1.9234924,-9.008743,-0.80278015
-1.6151428,-9.53067,-0.6543274
1.0184784,-8.95845,-0.73812866
-0.8394165,-10.311188,-1.6239929
2.3185425,-9.940079,-0.63038635
2.2371368,-11.474762,-1.5808868
-0.48028564,-12.765244,-2.6391296
-2.4195862,-13.291962,-1.2576752
-0.044540405,-14.682999,1.1915894
5.9960327,-15.350983,2.1372986
4.482895,-14.405273,0.93540955
2.3975525,-10.399765,-1.4085083
-1.9575043,-6.9904175,0.9473877
2.0575714,-3.9306335,0.3943329
2.0575714,-3.9306335,0.3943329
2.0575714,-3.9306335,0.3943329
2.0575714,-3.9306335,0.3943329
2.0575714,-3.9306335,0.3943329
2.0575714,-3.9306335,0.3943329
2.0575714,-3.9306335,0.3943329
2.514862,-2.7024078,1.1963806
2.9027252,-3.2099762,1.0982208
2.9027252,-3.2099762,1.0982208
2.9027252,-3.2099762,1.0982208
2.9027252,-3.2099762,1.0982208
2.9027252,-3.2099762,1.0982208
2.9027252,-3.2099762,1.0982208
2.9027252,-3.2099762,1.0982208
2.9027252,-3.2099762,1.0982208
2.9027252,-3.2099762,1.0982208
2.9027252,-3.2099762,1.0982208
-2.943924,-14.338226,-2.1052246
0.190094,-8.115692,-1.9232635
6.0151825,-7.095764,-2.0908508
0.8915863,-11.711792,-1.7101746
2.648941,-12.329498,-12.321274
0.79582214,-8.963242,-1.0254364
-2.505783,-8.675949,-2.6199799
0.89637756,-12.63356,-1.3127441
-0.106796265,-13.866577,-2.5744781
-1.6534424,-13.040573,-0.5442047
3.2714233,-12.161896,0.11659241
2.4861298,-14.68779,0.28419495
5.009613,-12.257675,-0.36463928
-3.1163025,-8.235413,-1.2409058
0.6497803,-6.7845154,-0.36463928
3.0272217,-2.9035187,0.6409302
2.605835,-3.679245,0.013641357
2.2993774,-4.2323,-2.3278809
4.8970947,-14.994247,-16.659576
4.8970947,-14.994247,-16.659576
4.8970947,-14.994247,-16.659576
4.8970947,-14.994247,-16.659576
4.8970947,-14.994247,-16.659576
4.8970947,-14.994247,-16.659576
4.8970947,-14.994247,-16.659576
1.0041199,-12.166687,-0.8003845
1.0041199,-12.166687,-0.8003845
1.0041199,-12.166687,-0.8003845
1.0041199,-12.166687,-0.8003845
1.0041199,-12.166687,-0.8003845
-0.8034973,-6.8204346,1.0670929
4.827667,-19.794617,2.9202118
1.5595703,-11.386185,0.6936035
-0.769989,-14.026978,-2.1770477
-1.6989288,-13.32309,-2.3901367
2.0455933,-10.287247,-2.6247559
2.194046,-15.93277,1.9098511
5.878708,-13.734894,-0.39337158
4.0160217,-10.409348,-0.84347534
-3.4155731,-8.039078,0.14053345
1.9091339,-3.9426117,0.68881226
3.5299988,-3.1860352,1.4022827
3.3887482,-4.1940002,-0.44604492
1.9498291,-11.453217,-14.219879
3.6257782,-12.992691,-14.049896
2.356842,-17.31662,-5.0021973
1.0113068,-12.784393,5.754944
4.1836243,-9.477997,-4.5760345
-11.088989,-16.282318,3.2194824
6.333618,-5.486862,-0.29519653
2.2012177,-8.912964,-0.8171387
-0.1642456,-8.668762,-1.1523285
-2.541687,-9.487579,-2.0764923
0.058410645,-8.54187,-0.017471313
2.2084045,-10.215408,-4.43956
0.072769165,-12.013458,0.56192017
-0.9782715,-14.235275,-3.0461426
-2.2974854,-13.885727,-2.102829
0.7934265,-13.234497,0.5738983
6.692749,-15.331818,-0.74531555
6.14447,-11.984726,-0.41731262
-3.0732117,-9.3535,-2.236908
-0.8681488,-7.8643036,1.4190521
3.0894775,-2.2475128,0.842041
2.0886993,-3.1046295,0.387146
0.8915863,-5.7382507,-5.112335
6.369522,-18.429916,-20.021027
0.9275055,-4.644104,-5.033325
2.6824493,-17.206482,-6.6063232
11.308762,-5.446167,0.11898804
-4.794632,-11.541809,1.9888611
5.672821,-9.612076,-5.0668488
4.621765,-6.588196,-0.7309418
0.120666504,-9.03746,-0.79319763
-1.1841736,-8.831558,-1.5904694
-2.2615662,-9.777267,-1.003891
0.19248962,-9.250549,-1.6742706
1.6840668,-10.813965,-1.750885
-1.1674194,-12.485123,-1.65271
-0.15228271,-13.703766,-2.0070648
-3.707672,-13.466736,-1.5641327
3.0296173,-12.695801,1.9673157
4.7342834,-15.044525,-0.38139343
5.593811,-12.090073,0.013641357
-4.0739746,-8.793259,-1.0062866
0.3888092,-6.0973816,0.51882935
3.1397552,-2.0296326,1.2011719
2.8931427,-3.3560333,0.174057
1.9306793,-9.269699,-10.669281
3.2427063,-11.393356,-12.175232
0.61146545,-6.885086,-4.7891235
1.8109741,-13.979095,-3.9607239
14.986252,-8.766922,-1.245697
-11.46727,-12.035004,5.865082
4.118973,-11.7812195,-4.7891235
3.5467682,-6.616928,-0.027053833
-0.41325378,-9.849106,-0.07733154
-2.0676422,-9.540253,-1.2816162
0.25952148,-8.726227,-1.3462524
1.8995514,-9.3654785,-2.095642
0.103897095,-12.444412,-1.7149658
-1.8066711,-14.034164,-1.1140137
-0.91363525,-13.713348,-1.1738739
3.4581757,-12.214569,-0.92967224
0.98976135,-14.975082,1.3831329
3.7574463,-10.490753,-0.9751587
-2.3645172,-7.8068542,-1.8059387
2.1844635,-4.9577484,-0.1156311
3.462967,-2.4677734,0.7151489
1.7463226,-3.1956177,-0.33590698
2.301773,-7.213089,-6.4722443
5.3112946,-13.517014,-13.559082
-0.36058044,-17.546463,-5.9598846
0.4103546,-9.920929,6.829941
1.6266174,-12.116409,-1.1259918
-10.444946,-14.606384,2.2210999
6.4605103,-6.715088,-0.7884064
2.4621887,-8.367096,-0.5082855
-0.3486023,-8.671158,-1.3151398
-2.2615662,-9.557007,-2.5697021
0.5755615,-8.807617,0.7558441
1.5332336,-9.595322,-4.0852203
-0.1307373,-12.458786,-0.20422363
-0.6813965,-14.007828,-3.060501
-3.640625,-14.199371,-0.85305786
1.4015656,-13.380554,-0.1443634
5.1173553,-15.24324,0.2315216
7.147644,-13.497864,0.4781189
-1.9335632,-8.211472,-2.6750336
1.1405945,-5.43898,0.15490723
3.0368042,-2.130188,0.549942
1.1334076,-3.3919373,-0.29042053
0.5851288,-5.6137543,-4.6933594
0.5851288,-5.6137543,-4.6933594
0.5851288,-5.6137543,-4.6933594
3.5922546,-0.6577606,0.9593506
2.3233185,-3.284195,0.7055664
0.7814636,-5.2426605,-3.486679
3.874771,-18.039658,-22.616348
2.0934753,-4.308914,-2.9048767
1.0065155,-15.990234,-9.247131
10.923294,-2.7359314,4.4501038
0.012924194,-10.4644165,-0.94163513
2.648941,-10.217804,-4.173813
6.005615,-6.1356964,-0.31436157
-0.50901794,-9.114075,-0.94163513
-2.2376251,-9.173935,-1.2600708
0.31219482,-8.199493,-0.79319763
-0.15467834,-10.145981,-5.0189667
1.2698822,-10.85466,0.85879517
-1.2488251,-13.078873,-0.948822
-1.066864,-15.066071,-2.5050507
4.4302216,-12.303162,1.5555115
5.483673,-17.070007,0.47572327
5.5650787,-11.417297,-1.3055573
-1.3900757,-8.965637,-1.9567871
-1.8425903,-7.627289,1.4884796
3.518036,-1.6130524,0.763031
2.5340118,-2.4246826,1.1365356
1.2938232,-5.2833557,-2.6510925
2.5866852,-14.838623,-19.87738
2.7064056,-7.0047913,-7.736389
1.4685974,-13.852203,-4.870529
9.50354,-3.1668854,4.0526733
-8.994064,-15.48027,4.904999
2.340088,-9.621658,-3.6542664
4.6911926,-7.146042,-0.97036743
0.3768463,-8.532288,-0.7596741
-1.7947083,-9.829941,-2.095642
-1.394867,-9.147598,-0.5058899
0.6809082,-9.03508,-4.6622314
1.6960449,-10.976776,-0.6208191
-1.576828,-11.82193,-0.40293884
-0.40846252,-14.218521,-1.0972595
-1.1338959,-14.551315,-0.7836151
4.5834503,-13.215347,0.2506714
4.9952545,-13.608002,1.2705994
2.6561127,-11.161118,-0.46759033
-2.6470337,-8.7789,-0.22337341
1.5476074,-6.8826904,-0.7285614
3.21875,-3.004074,0.114212036
1.7774506,-3.114212,0.31053162
1.6864624,-5.2618103,-4.798691
3.1301727,-14.716507,-15.733017
1.5715485,-7.126892,-9.374023
2.2562866,-12.887344,-5.2272644
7.1452484,-5.786148,2.4916534
-7.0571594,-14.783554,3.2793427
-1.3230438,-11.733337,-1.8634033
5.0551147,-7.0215454,-0.59687805
-0.97109985,-9.190689,0.4565735
-2.3740997,-9.157181,-1.7700348
-1.5600739,-8.8172,-1.7149658
0.88201904,-9.200272,-2.3829498
0.3265686,-10.828323,0.032806396
1.0496063,-12.430054,-0.5130768
-1.5433044,-15.813065,-2.6870117
-0.9375763,-14.031769,-0.5202637
4.028,-14.886505,2.340805
5.3232574,-14.220917,-1.6215973
5.3232574,-14.220917,-1.6215973
5.3232574,-14.220917,-1.6215973
5.3232574,-14.220917,-1.6215973
-1.121933,-11.924881,0.42066956
0.40078735,-14.953537,-4.8489685
-3.5161285,-14.196976,-3.5082245
2.2036133,-14.814682,4.90979
7.865906,-16.466675,-1.4085083
2.3065643,-11.086899,-1.1523285
-4.368469,-8.493988,-1.2433014
-0.111572266,-4.62735,1.5531158
3.3001556,-1.888382,1.8547821
3.3576202,-3.4374237,-0.7141876
2.1174316,-9.710236,-12.828842
8.165176,-16.574417,-13.592606
-1.6678009,-6.8922577,-4.123535
1.1908722,-22.2798,-0.45082092
12.826691,-3.1094208,3.0614624
-13.875839,-13.797134,7.974365
5.689575,-10.897766,-5.612732
3.565918,-6.865921,-0.5274353
0.23078918,-8.675949,-0.38378906
-1.9455414,-9.298431,-1.221756
-0.2911377,-7.9433136,0.32728577
1.2387543,-6.7605743,-1.5832825
-0.45155334,-15.130707,-2.157898
-0.21691895,-15.092407,-2.9048767
-3.312622,-16.18895,-0.6040497
-1.0285492,-14.445969,0.47332764
5.5363464,-17.898407,1.7398682
-0.16903687,-12.832275,2.1875763
-2.7954712,-7.1795654,0.9258423
-0.8082886,-7.9193726,-1.6814423
4.2291107,-3.5379791,0.71754456
2.708786,-3.30336,0.4996643
1.447052,-3.1285706,-3.553711
1.7463226,-11.695038,-12.646896
3.352829,-8.905792,-10.990097
5.6201477,-13.871353,-0.94403076
5.866745,-3.7247314,4.280121
-1.3565674,-8.498764,-1.1188049
2.3903656,-12.207382,-4.6789856
5.205948,-6.0255585,0.023223877
0.62823486,-9.03508,-0.85066223
-0.090026855,-8.084579,-1.5641327
-1.4212036,-8.680725,-0.31196594
1.6218262,-10.210632,-3.9439697
0.74554443,-10.859451,0.16687012
-0.60957336,-13.9240265,-1.5832825
-1.0955963,-14.738068,-1.9567871
0.41275024,-12.880157,-0.23535156
4.724716,-15.037338,1.8954926
5.514801,-13.995865,-0.38139343
1.5404205,-10.339905,-1.4803314
-1.6390839,-7.1364746,0.9497833
2.3161469,-2.2259674,0.43502808
2.6226044,-2.5300293,0.8923187
1.9498291,-3.521225,-0.85066223
4.1931915,-15.073242,-17.753723
1.6170349,-7.979233,-10.001297
1.7726593,-5.4509583,-5.5073853
2.7806244,-20.371613,-1.5593414
8.29686,-2.7526855,2.9800568
-10.114548,-14.587219,5.984787
4.1524963,-9.387024,-3.2616272
3.3911438,-7.7445984,-0.7716522
-1.4810638,-9.281677,-1.0685272
-1.7252655,-9.238586,-1.3055573
-0.41085815,-8.228226,1.3615875
-0.5042267,-9.197876,1.2035675
-0.5042267,-9.197876,1.2035675
-0.5042267,-9.197876,1.2035675
-0.5042267,-9.197876,1.2035675
-0.5042267,-9.197876,1.2035675
-0.5042267,-9.197876,1.2035675
1.9282837,-4.8715515,-3.0222015
-0.18579102,-8.668762,-1.5162506
1.2770538,-9.523483,-2.667862
8.177155,-5.9609222,1.0886383
0.19728088,-9.233795,-2.8833313
-0.3366394,-12.374985,-3.1179657
7.64563,-6.387085,-1.5018768
0.21643066,-9.15239,-0.23774719
-0.77238464,-8.525101,-0.57533264
-1.8162537,-9.585739,-1.3821716
0.008132935,-8.292877,0.75346375
4.439804,-10.29921,-2.9934692
-0.31747437,-12.358231,-1.3893585
-0.49224854,-14.788345,-2.8091125
-2.4962006,-14.556107,-2.0142365
4.3033295,-14.024582,2.292923
5.1700287,-17.338165,0.5283966
4.159683,-11.637573,-1.5832825
-2.3118439,-8.264145,-1.774826
1.1717072,-5.209137,0.008865356
2.54599,-2.6976166,0.545166
2.1772766,-3.758255,-0.2090149
1.5140839,-4.1054077,-2.7061615
5.7661896,-15.937561,-16.611694
2.036026,-9.2314,-12.632523
3.9920807,-19.287048,-7.142624
2.9314575,-2.0056915,8.999084
-7.69162,-16.2919,3.8491669
-4.861679,-12.961563,-2.770813
6.1803894,-6.648056,-0.5058899
1.4973297,-9.006348,-0.26408386
-1.3254395,-7.8547363,-0.9751587
-2.2855072,-9.542648,-0.201828
0.38401794,-9.877838,-2.667862
1.5284576,-11.644745,-3.0628967
-0.2624054,-11.862625,-0.24491882
-1.873703,-16.686935,-2.1052246
-1.7803345,-12.973541,-1.2409058
4.6193695,-13.081268,2.7454376
3.7263336,-14.230484,-1.0469818
0.8556824,-9.324768,-1.6072235
-3.5664062,-7.8307953,0.39193726
-3.5664062,-7.8307953,0.39193726
-3.5664062,-7.8307953,0.39193726
-3.5664062,-7.8307953,0.39193726
-3.5664062,-7.8307953,0.39193726
-3.5664062,-7.8307953,0.39193726
-3.5664062,-7.8307953,0.39193726
-3.5664062,-7.8307953,0.39193726
2.4262695,-3.6074219,-1.1283875
2.4262695,-3.6074219,-1.1283875
2.4262695,-3.6074219,-1.1283875
2.4262695,-3.6074219,-1.1283875
2.4262695,-3.6074219,-1.1283875
2.4262695,-3.6074219,-1.1283875
2.4262695,-3.6074219,-1.1283875
2.4262695,-3.6074219,-1.1283875
2.4813385,-11.596863,-5.0069885
-1.4379578,-15.020584,-2.7588348
10.111664,-4.1604767,2.5275574
-2.7811127,-13.301544,-2.150711
-11.630081,-15.303085,5.24498
5.3232574,-17.53688,0.016036987
1.6792908,-3.3560333,-0.4867401
1.9642029,-11.613632,-14.339584
6.393463,-11.0533905,-15.24939
1.391983,-7.423767,-4.8082733
4.7965393,-12.626373,-4.7053223
4.2243195,-5.0654907,5.3431396
0.23078918,-9.82756,-0.58010864
2.126999,-11.5681305,-4.4299927
2.969757,-5.920212,-0.201828
-1.394867,-9.633621,-0.9464264
-3.3557281,-10.150772,-2.746872
-1.2655792,-8.7812805,-1.96875
2.522049,-10.124435,-1.6407471
-1.2344513,-11.596863,-1.3199158
0.024887085,-12.619186,-2.1938019
-1.0764465,-14.951141,-1.8466492
-1.1746063,-12.566513,-2.0525513
2.1533356,-11.941635,-1.8370667
3.269043,-15.851364,2.324051
8.351929,-13.416458,0.13815308
-3.2192535,-8.180344,-1.992691
-0.14030457,-6.363144,0.91625977
3.0703125,-1.3975677,1.1365356
1.7175903,-2.683258,0.2674408
1.3009949,-7.442932,-10.082703
4.985672,-13.888123,-15.642044
2.047989,-6.5714417,-5.6390686
2.0216522,-4.7087555,-7.0660095
8.495575,-19.971786,-7.310211
2.514862,-2.7024078,5.735794
-10.231873,-16.2919,4.201111
3.637741,-12.193024,-5.416397
4.195587,-6.3583527,-0.09887695
-1.9048309,-10.998322,-0.35266113
-0.91363525,-9.159576,-1.6838379
-0.42282104,-9.557007,-1.6575012
-0.21212769,-9.667145,-0.08451843
1.6026764,-11.295197,-0.51068115
3.0894775,-12.023041,0.0040740967
3.0894775,-12.023041,0.0040740967
3.0894775,-12.023041,0.0040740967
3.0894775,-12.023041,0.0040740967
3.0894775,-12.023041,0.0040740967
3.0894775,-12.023041,0.0040740967
3.0894775,-12.023041,0.0040740967
3.0894775,-12.023041,0.0040740967
-1.0525055,-10.213013,-3.4603424
-1.0525055,-10.213013,-3.4603424
-1.0525055,-10.213013,-3.4603424
-1.0525055,-10.213013,-3.4603424
-1.0525055,-10.213013,-3.4603424
-1.0525055,-10.213013,-3.4603424
1.3512726,-9.806,-0.07733154
3.9537811,-9.973602,-1.3294983
-0.061294556,-7.8331757,-1.4779358
3.2019958,-10.069366,-1.5880737
-4.0763702,-12.188232,2.1277313
2.1700897,-10.160355,-3.5441284
2.5340118,-7.739807,-4.427597
3.1541138,-8.711853,-5.478653
3.1397552,-9.011124,-6.2878876
3.498886,-8.357513,-5.782715
4.288971,-8.987183,-4.9279785
4.3200836,-9.992752,-4.6263123
5.213135,-10.268082,-5.09079
4.5523224,-6.355957,0.22193909
0.41275024,-10.081345,-1.6311646
0.8915863,-9.616867,2.5347443
3.7430878,-9.51152,-1.5665283
0.621048,-9.873047,-1.190628
-0.3773346,-10.20105,-0.9679718
-0.030181885,-9.889801,-1.0206451
-0.5688629,-10.356674,-0.8123474
1.4781799,-10.045425,-2.12677
0.6497803,-10.275269,-1.8011627
-1.5337372,-9.822769,-1.2433014
0.9682007,-9.930496,0.14053345
2.1868591,-9.956833,-0.4077301
-0.001449585,-10.440475,0.21716309
-0.18341064,-11.891357,-0.9847412
0.123046875,-11.242523,-1.3271027
0.42712402,-12.485123,-1.0206451
2.1485443,-10.93367,-1.0134583
5.622528,-10.605667,0.08308411
1.8013916,-12.346252,1.3137054
-0.085235596,-11.381393,-1.6024323
0.51330566,-9.753326,-3.0940247
2.4454346,-7.181961,-1.4851227
3.2355194,-6.3272247,-1.9472046
2.3424835,-5.7095337,-1.7915802
2.3520508,-6.320053,-3.3573914
1.9210968,-7.9696503,-6.5488586
2.6968231,-10.069366,-9.053192
3.2474823,-10.37822,-9.230362
3.1996002,-8.520325,-7.9662323
3.1996002,-8.520325,-7.9662323
3.1996002,-8.520325,-7.9662323
3.1996002,-8.520325,-7.9662323
3.1996002,-8.520325,-7.9662323
3.1996002,-8.520325,-7.9662323
3.1996002,-8.520325,-7.9662323
0.65696716,-11.5681305,-1.73172
0.65696716,-11.5681305,-1.73172
0.65696716,-11.5681305,-1.73172
0.65696716,-11.5681305,-1.73172
0.65696716,-11.5681305,-1.73172
0.65696716,-11.5681305,-1.73172
0.65696716,-11.5681305,-1.73172
0.8078003,-11.359848,1.5507202
0.8078003,-11.359848,1.5507202
0.8078003,-11.359848,1.5507202
0.8078003,-11.359848,1.5507202
0.8078003,-11.359848,1.5507202
0.8078003,-11.359848,1.5507202
0.8078003,-11.359848,1.5507202
6.098984,-10.294418,-2.4978638
6.30249,-10.275269,-0.2305603
-5.6589355,-10.871429,4.339966
1.3824005,-10.028671,-0.16830444
1.7606812,-10.011902,-0.3718109
1.7223816,-10.241745,-0.37420654
1.5978851,-9.904175,-0.280838
1.9115295,-10.12204,-0.45321655
1.7343597,-9.932892,-0.35984802
1.561966,-10.169922,-0.4484253
1.9139099,-10.215408,-0.7764435
1.7654724,-9.899384,-0.4077301
1.8516693,-10.330338,-0.83151245
1.5164795,-9.808395,-0.50349426
1.7606812,-10.002335,-0.59687805
1.7127991,-10.0933075,-0.7501068
1.6912537,-9.966415,-0.5633545
1.7798462,-10.035843,-0.7285614
1.719986,-10.10289,-0.66630554
1.7583008,-9.932892,-0.7764435
1.7056274,-10.155563,-0.82432556
1.6768951,-9.980789,-0.7309418
1.7008362,-9.968811,-0.8171387
1.5835114,-10.06218,-0.7620697
1.6314087,-9.98317,-0.8003845
1.6218262,-10.069366,-0.92967224
1.4255066,-9.928116,-0.73573303
1.470993,-10.174713,-0.924881
1.4087372,-9.980789,-0.7836151
1.4446564,-10.02388,-0.869812
1.2962189,-10.078949,-0.8099518
1.344101,-9.949661,-0.7812195
1.3273315,-10.198654,-0.84347534
1.3201599,-9.920929,-0.65911865
1.3536682,-10.193863,-0.85783386
1.3249512,-9.920929,-0.60884094
1.423111,-10.224991,-0.8051758
1.470993,-9.971207,-0.6136322
1.4901428,-10.256119,-0.85305786
1.2938232,-9.858673,-0.61842346
1.1908722,-10.404556,-0.74531555
1.3321228,-9.82756,-0.37420654
1.4255066,-9.995148,-0.44604492
1.4255066,-9.995148,-0.44604492
1.4255066,-9.995148,-0.44604492
1.4255066,-9.995148,-0.44604492
1.4255066,-9.995148,-0.44604492
1.4255066,-9.995148,-0.44604492
1.4255066,-9.995148,-0.44604492
1.7702637,-10.107681,0.21954346
1.7702637,-10.107681,0.21954346
1.7702637,-10.107681,0.21954346
1.7702637,-10.107681,0.21954346
1.7702637,-10.107681,0.21954346
1.7702637,-10.107681,0.21954346
1.7702637,-10.107681,0.21954346
1.7559052,-9.7677,0.9976654
1.7559052,-9.7677,0.9976654
1.7559052,-9.7677,0.9976654
1.7559052,-9.7677,0.9976654
1.7559052,-9.7677,0.9976654
1.7559052,-9.7677,0.9976654
3.4916992,-11.924881,-0.69503784
1.3488922,-5.7526245,-8.411545
2.3137512,-11.319138,-1.5880737
1.7894135,-13.931213,-6.369293
8.284882,-9.652771,-5.2823334
-4.631836,-8.927338,4.4046173
4.1692505,-9.013519,-3.0317688
2.320938,-9.899384,-0.9176941
0.20445251,-9.078171,-1.676651
-0.16664124,-9.552216,-1.3031616
0.30023193,-9.418152,-1.8011627
0.40318298,-8.833954,-0.38858032
2.2371368,-8.7765045,-1.7987671
0.25952148,-11.029449,-1.2911987
-0.037353516,-10.797211,0.7223358
-0.7220917,-13.016632,-0.4292755
0.094329834,-12.410904,-1.8514404
1.3776093,-12.056549,-1.1235962
2.7614594,-11.297592,0.6936035
3.37677,-12.264847,1.9457703
0.099105835,-10.646378,-3.565689
-0.6526642,-9.638412,-1.5856781
2.830902,-5.671219,-1.1834564
2.969757,-4.407074,-0.9655762
1.7942047,-4.4597473,-2.2752075
2.636963,-6.423004,-5.1003723
1.6194305,-12.729324,-13.571045
-0.21212769,-11.666306,-10.786591
2.2946014,-9.731781,-3.091629
1.8181458,-14.024582,-5.2679596
7.9520874,-6.0566864,0.8204956
-5.098694,-13.361389,-0.39814758
6.383896,-8.558624,-3.7236938
2.3376923,-10.344696,-0.8195343
1.0448151,-9.952057,-1.3965302
1.0448151,-9.952057,-1.3965302
1.0448151,-9.952057,-1.3965302
1.0448151,-9.952057,-1.3965302
1.0448151,-9.952057,-1.3965302
1.0448151,-9.952057,-1.3965302
1.0448151,-9.952057,-1.3965302
1.0448151,-9.952057,-1.3965302
1.075943,-9.51152,-1.9950867
-0.66464233,-10.268082,-0.2664795
0.5755615,-9.640808,-0.38378906
1.7127991,-9.272095,-0.51068115
1.854065,-8.455673,-1.0469818
2.8476562,-9.650375,-1.8466492
2.9386292,-11.414902,-4.779541
4.162079,-7.5554504,2.4892578
3.558731,-12.353439,0.31292725
5.7350616,-9.475601,-2.8833313
4.0184174,-9.497147,-0.90812683
2.6561127,-9.817978,-0.8051758
2.2131958,-9.923325,-1.1882477
2.3424835,-9.817978,-0.9320679
1.8612518,-10.354279,-0.69503784
0.57077026,-9.308014,0.17645264
1.2220001,-10.608063,-0.5346222
2.1174316,-9.047043,0.13096619
0.77427673,-10.3854065,0.545166
0.4462738,-10.897766,0.19799805
0.30023193,-8.79805,0.26982117
2.0240479,-12.432449,-1.4851227
0.47021484,-8.448486,-0.30477905
-3.4371185,-12.973541,-1.2624664
3.292984,-8.340759,-0.52983093
4.482895,-10.397369,-1.5569458
3.6233826,-9.928116,-1.324707
2.625,-10.14119,0.5547333
-3.5735931,-13.042969,-3.2400665
1.9546204,-7.09816,-2.1243744
5.981659,-8.036697,-1.5425873
2.9434204,-10.265686,-1.1571198
3.3480377,-9.78685,-2.3159027
2.873993,-8.953674,-2.0334015
3.0224304,-8.867477,-2.8402405
2.8835754,-8.407791,-2.7684174
3.407898,-9.240967,-4.190567
3.8220978,-9.84671,-5.258377
3.3480377,-9.978394,-5.0764313
4.4733124,-8.156403,-3.9343872
4.973709,-7.6153107,-4.0301514
4.748657,-6.8683167,-3.747635
2.9122925,-9.999939,-1.6335602
2.9122925,-9.999939,-1.6335602
2.9122925,-9.999939,-1.6335602
2.9122925,-9.999939,-1.6335602
2.9122925,-9.999939,-1.6335602
2.9122925,-9.999939,-1.6335602
3.6880188,-7.035919,-5.270355
3.6880188,-7.035919,-5.270355
3.6880188,-7.035919,-5.270355
3.6880188,-7.035919,-5.270355
3.6664734,-8.034302,-6.3190155
3.3384705,-7.715866,-0.22097778
1.6194305,-8.963242,-3.0964203
-1.2176971,-9.947266,-1.2073975
0.8293457,-10.292023,-0.39814758
0.62583923,-10.174713,0.5068512
1.6553497,-10.035843,-0.14196777
1.9689789,-10.066971,-0.3789978
1.8372955,-9.999939,-0.16830444
1.9450378,-10.040634,-0.36224365
1.878006,-9.995148,-0.15394592
1.9594116,-10.064575,-0.28323364
1.798996,-10.057404,-0.18267822
1.9091339,-10.007126,-0.24971008
1.9091339,-10.00473,-0.15634155
1.9115295,-10.066971,-0.21141052
1.8732147,-10.016693,-0.20661926
1.9282837,-10.031067,-0.21620178
1.9426422,-10.028671,-0.2090149
1.9043427,-10.126831,-0.1802826
1.9306793,-10.009506,-0.21380615
1.8253326,-10.040634,-0.12281799
1.9282837,-10.090912,-0.29759216
1.8636322,-10.009506,-0.15873718
1.9091339,-10.040634,-0.24971008
1.9210968,-10.055008,-0.1730957
1.9689789,-10.059784,-0.20661926
1.8804016,-10.019089,-0.10366821
1.9881439,-10.038239,-0.1802826
2.0264435,-10.021484,-0.18507385
2.0527802,-10.090912,-0.1443634
2.1078491,-10.011902,-0.2090149
1.9594116,-10.026276,-0.08930969
2.016861,-10.047821,-0.24731445
1.9091339,-10.011902,-0.041412354
2.0240479,-10.035843,-0.21141052
1.878006,-10.08374,-0.039016724
1.9258881,-9.999939,-0.10845947
1.8301239,-10.038239,-0.053390503
1.878006,-10.06218,-0.08930969
1.8947601,-10.026276,-0.06535339
1.9354706,-10.090912,0.037597656
1.8851929,-10.098099,-0.11802673
1.9402466,-9.928116,0.14292908
2.1246033,-10.04303,-0.15634155
2.0216522,-10.059784,-0.019866943
1.9713745,-10.059784,-0.28323364
1.8516693,-10.04303,-0.23295593
1.8516693,-10.04303,-0.23295593
1.8516693,-10.04303,-0.23295593
1.8516693,-10.04303,-0.23295593
1.8516693,-10.04303,-0.23295593
1.8516693,-10.04303,-0.23295593
1.8516693,-10.04303,-0.23295593
2.1557312,-10.098099,-0.4292755
4.518814,-9.169144,0.2602539
4.518814,-9.169144,0.2602539
4.518814,-9.169144,0.2602539
4.518814,-9.169144,0.2602539
4.518814,-9.169144,0.2602539
4.518814,-9.169144,0.2602539
3.5060577,-12.949585,0.6648712
3.5060577,-12.949585,0.6648712
3.5060577,-12.949585,0.6648712
3.5060577,-12.949585,0.6648712
3.5060577,-12.949585,0.6648712
2.78302,-8.742981,-1.695816
-2.165802,-8.853119,-1.0134583
-0.8322296,-9.03746,-1.4851227
3.3887482,-15.152252,3.0423126
-1.9431458,-12.382172,-1.489914
2.502884,-9.224213,-10.111435
3.9633484,-14.019806,-13.942154
3.9825134,-7.486023,-0.34786987
10.197861,-31.449585,2.8316193
-1.0764465,-11.738129,-1.0924683
1.3704376,-8.855515,-6.807434
6.012787,-12.164291,-6.0963593
8.909775,-1.7830353,2.6616364
1.6912537,-8.908173,-2.7588348
0.118270874,-10.069366,-2.5936432
5.09581,-6.8587494,-1.3606262
0.108688354,-10.057404,-1.1834564
-0.46591187,-8.977615,-1.5234222
-0.54252625,-9.121262,-1.647934
1.052002,-8.52272,-0.55137634
-0.0038452148,-11.434067,-2.4499817
2.708786,-10.964798,0.6624756
-1.3110657,-14.745239,-1.8490448
0.048828125,-13.56012,-3.3454132
1.0376434,-11.632782,-2.296753
1.5835114,-14.572861,2.3096924
4.585846,-12.602432,0.43263245
-0.12594604,-8.714249,-2.806717
-2.2017212,-9.746155,-0.69503784
2.6632996,-3.181244,-0.0126953125
2.9338531,-3.1046295,0.21716309
1.7080231,-4.5315857,-2.1004333
3.4294434,-9.078171,-10.300568
2.6273956,-11.343079,-10.484924
-1.7204742,-8.295258,-8.174515
4.712738,-16.739609,-6.6230774
7.832382,-5.3647614,5.1923065
-3.5592346,-11.039017,-0.09169006
-5.244751,-13.260834,1.4238281
4.854004,-6.133301,-0.4077301
0.4965515,-9.839523,-0.8985443
-0.9256134,-9.059021,-1.9352264
-1.1291199,-9.025497,-2.1794434
-1.1291199,-9.025497,-2.1794434
-1.1291199,-9.025497,-2.1794434
-1.1291199,-9.025497,-2.1794434
-1.1291199,-9.025497,-2.1794434
-1.1291199,-9.025497,-2.1794434
-1.1291199,-9.025497,-2.1794434
-1.1291199,-9.025497,-2.1794434
0.992157,-9.202667,-1.3534393
0.992157,-9.202667,-1.3534393
0.992157,-9.202667,-1.3534393
0.992157,-9.202667,-1.3534393
0.992157,-9.202667,-1.3534393
0.992157,-9.202667,-1.3534393
2.5794983,-7.869095,-9.010101
1.4590149,-13.536179,-12.409866
-0.5616913,-9.111694,-1.0373993
0.7934265,-8.467651,-0.33351135
1.8899689,-2.3600311,0.8635864
-6.973358,-13.68222,3.6336823
-3.7555542,-13.9192505,-2.8689728
1.8684235,-12.719742,-1.8825531
2.6944275,-7.150833,-6.194519
3.601822,-15.779541,-14.162415
-0.013412476,-8.606506,-0.95121765
-0.36297607,-8.932129,-1.4635773
2.0192566,-4.047943,0.051956177
3.893921,-8.889023,-8.727585
2.7973785,-14.965515,-14.684357
-0.5688629,-9.750946,-6.687729
3.9011078,-16.404419,-3.7213135
14.335037,-2.956192,1.0814667
-11.134476,-16.832993,4.526718
4.6840057,-8.675949,-5.289505
2.8093414,-8.12767,-0.1515503
-0.14030457,-9.497147,-1.3031616
-1.9120178,-9.2912445,-1.9519958
-0.15228271,-8.278503,-0.5058899
0.010528564,-10.268082,-2.4882965
0.34571838,-11.9392395,-0.1395874
-0.77716064,-11.790802,-0.6136322
-1.0261688,-14.843399,-1.592865
-0.3079071,-12.482727,-2.7492676
3.5755005,-11.639969,0.78697205
2.5316162,-14.829041,0.9497833
3.0751038,-11.936844,-1.8442535
-1.686966,-8.340759,-1.2816162
1.9713745,-4.1676636,-0.21858215
2.8093414,-3.0471802,0.29855347
1.2674866,-3.861206,-0.5370178
2.715973,-7.972046,-6.4889984
2.7901917,-15.5520935,-15.23024
-1.2392426,-9.695877,-4.65744
2.8859558,-12.06134,1.589035
11.921677,-6.178787,-0.1730957
-9.211945,-14.603989,4.2442017
5.0120087,-8.216263,-4.645462
2.2323456,-9.2912445,-0.6974335
0.7694855,-8.807617,-1.65271
-2.378891,-9.978394,-1.8562164
-0.52098083,-8.65918,-0.59687805
1.4518433,-9.537857,-1.7006073
0.37922668,-10.950439,-2.9048767
0.39360046,-12.41568,-0.85066223
1.3033905,-12.432449,-2.7492676
-1.8760986,-13.071701,-1.4156952
0.91075134,-12.283997,-0.39814758
3.3863525,-14.261612,1.431015
1.5380249,-12.920868,0.64811707
1.1094666,-9.801224,-2.2991486
0.77427673,-8.132462,-1.1355743
3.0822906,-3.940216,0.25546265
3.0822906,-3.940216,0.25546265
3.0822906,-3.940216,0.25546265
3.0822906,-3.940216,0.25546265
3.0822906,-3.940216,0.25546265
3.0822906,-3.940216,0.25546265
3.0822906,-3.940216,0.25546265
2.3712158,-8.754944,-0.68066406
0.34092712,-8.819595,-1.6215973
-0.5951996,-9.401382,-1.0062866
0.6425934,-9.202667,-2.0836792
0.039260864,-9.03508,-0.22816467
1.3704376,-11.438858,-2.1052246
0.40318298,-10.277664,0.17645264
0.89637756,-13.72052,-2.0525513
-2.3046722,-13.746857,-2.1004333
-0.43000793,-13.363785,-1.6072235
3.2331238,-12.872971,1.1868134
2.8787842,-13.921631,1.9290161
0.6809082,-10.624817,-2.897705
-1.600769,-8.721436,-1.2050018
2.2706604,-5.328842,-0.7261658
2.8285065,-3.394333,0.0016784668
1.5547943,-4.6345367,-0.7548828
2.3544464,-5.9513397,-5.1290894
5.416641,-15.882492,-14.162415
-0.68618774,-7.529114,-9.41951
3.5731049,-14.419632,-4.8130646
5.9242096,-7.2178802,2.395874
-1.9359589,-11.465195,-1.5425873
-4.993347,-11.575317,2.3384247
4.514023,-7.3663177,-0.3167572
-0.52098083,-9.770096,-1.4372406
-1.181778,-9.284073,-1.5401917
-0.45874023,-9.281677,-1.3845673
0.86047363,-8.544266,0.07829285
0.18769836,-9.755722,-1.5210419
1.8636322,-11.738129,-0.790802
0.024887085,-13.471527,-1.88974
-1.5433044,-12.956772,-1.8825531
0.33613586,-12.465958,-2.0621185
0.33613586,-12.465958,-2.0621185
0.33613586,-12.465958,-2.0621185
0.33613586,-12.465958,-2.0621185
0.33613586,-12.465958,-2.0621185
0.33613586,-12.465958,-2.0621185
0.33613586,-12.465958,-2.0621185
1.9043427,-8.690308,-0.5250397
1.9043427,-8.690308,-0.5250397
1.9043427,-8.690308,-0.5250397
1.9043427,-8.690308,-0.5250397
1.9043427,-8.690308,-0.5250397
1.9043427,-8.690308,-0.5250397
1.9043427,-8.690308,-0.5250397
-8.673248,-13.643906,1.1532898
0.33374023,-8.072601,-6.9558716
-0.4635315,-9.03508,-1.4947052
1.4302826,-9.082962,-0.89375305
3.9681396,-11.922485,0.60261536
-0.9687042,-8.934509,-2.6223602
-6.501709,-11.759674,4.083786
0.051223755,-9.985565,-0.70700073
3.7646332,-14.290344,-0.015075684
3.3193207,-10.981552,-2.059723
2.8237152,-10.308792,-2.1674652
0.094329834,-12.056549,-2.7492676
0.43669128,-10.943253,1.2346954
-1.0237732,-15.300705,-1.5162506
0.8508911,-13.588837,-4.027771
1.7175903,-11.082108,0.8396454
4.1094055,-12.911285,-0.49871826
4.5810547,-11.659119,-1.2983704
-2.8218079,-8.948883,-1.1834564
1.4853516,-6.679184,-0.1802826
3.0631409,-2.786209,-0.6830597
1.7391357,-3.5044708,-1.6790466
2.605835,-6.6863556,-7.803421
4.5212097,-12.233719,-10.853638
1.9187012,-8.398209,-8.349304
3.4342346,-14.699753,-2.7756042
9.015121,-3.279419,1.5052338
-8.910263,-14.666229,2.6281128
1.4614105,-8.766922,-2.87854
4.202774,-9.049438,-1.2385254
0.8844147,-9.030289,-0.78601074
-0.48268127,-8.790863,-1.513855
-1.3900757,-10.050217,-2.2201385
0.90356445,-8.685516,0.049560547
1.6433716,-9.509125,-1.7915802
3.1229858,-10.244141,0.061538696
-0.31507874,-14.019806,-1.944809
-1.1434784,-13.624756,-2.150711
-1.976654,-12.995087,-0.1730957
3.3576202,-10.624817,-0.5130768
0.6354065,-15.427597,2.0415344
2.3520508,-11.896149,-0.19703674
-3.592743,-7.7757263,-2.375763
0.22839355,-8.714249,-1.1164093
3.419876,-3.8109283,0.13096619
3.589859,-3.2650452,-0.15394592
3.589859,-3.2650452,-0.15394592
3.589859,-3.2650452,-0.15394592
3.589859,-3.2650452,-0.15394592
3.589859,-3.2650452,-0.15394592
3.589859,-3.2650452,-0.15394592
2.364029,-2.276245,0.13336182
2.364029,-2.276245,0.13336182
2.364029,-2.276245,0.13336182
2.364029,-2.276245,0.13336182
2.364029,-2.276245,0.13336182
2.364029,-2.276245,0.13336182
2.364029,-2.276245,0.13336182
2.364029,-2.276245,0.13336182
2.364029,-2.276245,0.13336182
2.364029,-2.276245,0.13336182
0.4103546,-6.530731,-0.5848999
-1.1075592,-6.6935425,0.6936035
-8.237503,-14.766785,3.2817383
2.811737,-16.069244,-1.8514404
2.8213196,-5.0223846,-17.483185
1.1238251,-9.217026,-0.20661926
-1.7180939,-15.422806,-1.3438568
-0.8178711,-14.328659,-2.3470306
1.7774506,-2.9537964,-0.44604492
1.9354706,-6.253006,-0.7501068
-1.8282166,-8.951279,-0.8338928
2.9075165,-6.640869,-1.0709229
3.4940948,-3.8588104,-0.34786987
2.8261108,-3.8588104,-1.3678131
2.2658691,-6.545105,-5.5049896
4.6983795,-12.681442,-10.851242
-0.011016846,-9.243362,-12.836029
3.2307281,-10.078949,-2.7732086
5.373535,-16.799469,0.042373657
4.8420258,-5.403061,1.1125793
-9.659653,-14.050919,4.328003
5.5004272,-7.308853,-2.1961975
4.535568,-7.754181,-1.142746
-0.8202667,-10.016693,-1.0541687
-1.6821747,-9.777267,-1.6024323
0.1541748,-9.358292,-1.3654175
0.54203796,-8.812408,-0.32392883
0.5348511,-11.290405,-2.7588348
1.0903168,-9.837128,1.0934296
0.53245544,-13.081268,-2.454773
-1.3685303,-13.536179,-1.324707
-0.67181396,-13.38295,-2.2033844
2.5268402,-11.613632,-0.4771576
5.1891785,-12.583282,2.0056305
3.4126892,-11.589691,-1.6096191
-2.5560608,-9.262527,-2.0453644
0.73358154,-7.4333496,-0.9200897
3.5467682,-3.387146,-0.5633545
2.5842896,-4.15329,-0.80278015
1.7918091,-4.8907166,-3.0269928
3.2355194,-12.700592,-13.542328
2.5076752,-10.256119,-11.856796
-0.30551147,-11.321533,-5.933548
5.514801,-8.810013,3.5115814
1.9953156,-11.0581665,-4.59758
-9.022797,-16.828201,3.300888
-9.022797,-16.828201,3.300888
-9.022797,-16.828201,3.300888
-9.022797,-16.828201,3.300888
-9.022797,-16.828201,3.300888
-9.022797,-16.828201,3.300888
-9.022797,-16.828201,3.300888
3.3240967,-18.441895,-3.7308807
12.812317,-13.440399,-6.4099884
12.812317,-13.440399,-6.4099884
12.812317,-13.440399,-6.4099884
12.812317,-13.440399,-6.4099884
12.812317,-13.440399,-6.4099884
12.812317,-13.440399,-6.4099884
1.9139099,-9.942474,-12.213547
0.17811584,-8.7765045,-4.118744
2.976944,-14.673416,0.12617493
10.736557,-7.17717,-0.9057312
-9.300522,-11.503494,5.9153595
5.605774,-9.406174,-4.482666
3.893921,-8.233017,0.039978027
0.017715454,-9.415756,-0.0821228
-2.706894,-10.29921,-1.9112854
-1.121933,-9.461243,-1.2480927
1.9306793,-9.652771,-2.4380188
0.73835754,-9.853882,-1.4132996
0.1326294,-11.101273,0.29138184
0.48457336,-12.774811,-0.31436157
-1.3086853,-13.488281,0.044769287
0.59950256,-14.050919,-2.940796
3.2307281,-10.416519,0.6433258
4.7223206,-12.245697,0.9114685
1.4542236,-12.0182495,-1.2864075
-1.011795,-10.2202,-3.407669
1.9546204,-7.33519,-0.9895172
3.0727081,-3.89711,-0.5370178
1.5835114,-4.1389313,-0.7189789
1.020874,-3.734314,-1.96875
4.7151337,-13.849808,-15.409805
1.5715485,-11.838684,-13.635696
2.763855,-12.06134,-5.112335
-0.13790894,-16.002197,-3.5082245
8.02153,-6.5953827,-1.5569458
-8.773804,-15.779541,3.1380768
6.1061707,-7.1364746,-2.7803802
3.158905,-8.886627,-0.17549133
0.68807983,-9.111694,-1.3055573
-1.0189819,-9.571381,-1.0805054
-0.23606873,-8.948883,-0.6064453
2.1485443,-9.367859,-1.13797
2.1485443,-9.367859,-1.13797
2.1485443,-9.367859,-1.13797
2.1485443,-9.367859,-1.13797
2.1485443,-9.367859,-1.13797
2.1485443,-9.367859,-1.13797
2.1485443,-9.367859,-1.13797
2.8620148,-8.316818,-5.3062744
4.956955,-7.545883,-2.7732086
4.956955,-7.545883,-2.7732086
4.956955,-7.545883,-2.7732086
4.956955,-7.545883,-2.7732086
4.956955,-7.545883,-2.7732086
4.956955,-7.545883,-2.7732086
2.8021698,-8.829178,-10.870392
3.3193207,-14.340622,-11.854416
0.52767944,-6.84198,-8.854477
3.886734,-9.616867,-3.4004822
11.8498535,-11.917694,-2.1004333
3.996872,-2.453415,2.3503876
-5.9031525,-15.860947,1.1963806
4.882721,-6.865921,-2.3709717
1.933075,-9.185913,-0.7788391
-0.57125854,-10.069366,-1.2983704
0.4678192,-8.867477,-1.9831085
0.19488525,-9.135635,-0.055786133
1.4614105,-10.04303,-2.751648
3.3887482,-10.124435,-1.9472046
-1.7228699,-13.789963,-2.0884552
1.0400391,-12.887344,-4.1402893
-1.631897,-11.704605,-0.30717468
2.3712158,-14.419632,1.6393127
8.038284,-15.681381,-2.0334015
1.2411499,-12.67186,-0.68785095
-0.1714325,-9.825165,0.30574036
3.7526703,-4.038376,0.5379791
5.5171967,-5.7286835,-4.0229797
3.4150848,-6.209915,-8.265503
2.3592377,-3.1405487,-7.1402283
3.518036,-1.0887146,-8.519287
3.1852417,-2.3145447,-8.543228
8.483612,-11.728546,-18.019485
6.551483,-2.7119904,-4.149872
5.5363464,-8.371872,-4.925583
5.1724243,-14.163452,-4.851364
1.2291718,-7.086197,-2.5697021
2.3736115,-9.853882,-2.6415253
0.86286926,-9.66954,-2.8593903
0.072769165,-7.407013,-2.217743
0.53964233,-8.489197,-1.8251038
0.53964233,-8.489197,-1.8251038
0.53964233,-8.489197,-1.8251038
0.53964233,-8.489197,-1.8251038
0.53964233,-8.489197,-1.8251038
0.53964233,-8.489197,-1.8251038
0.53964233,-8.489197,-1.8251038
1.7583008,-10.033447,-0.7477112
1.7583008,-10.033447,-0.7477112
1.7583008,-10.033447,-0.7477112
1.7583008,-10.033447,-0.7477112
1.7583008,-10.033447,-0.7477112
1.7583008,-10.033447,-0.7477112
4.4182587,-12.224152,-2.157898
5.0503235,-10.782837,-1.6048279
3.1565094,-11.173096,-0.76686096
4.18602,-11.163513,-1.6192017
6.733444,-8.69989,-4.0421295
3.601822,-7.39505,-2.2560577
1.6529541,-5.110977,-3.8721466
1.605072,-3.5236206,-4.372528
1.7223816,-2.8987274,-5.035721
2.0863037,-4.1054077,-5.8018646
3.0942535,-6.3415985,-7.070801
5.023987,-8.436523,-9.134598
3.6425323,-8.69989,-10.619003
8.301651,-11.659119,-9.148956
2.897934,-5.415039,-0.51786804
1.7415314,-7.964859,-3.170639
0.22839355,-10.148376,0.15490723
3.2163696,-8.374268,-2.4451904
2.0408173,-10.524261,-2.4380188
1.3824005,-9.049438,-1.8442535
-0.2576294,-9.343918,-1.568924
0.7694855,-9.487579,-1.4635773
-1.6654205,-9.2864685,-0.40533447
-1.0405273,-10.490753,-0.83151245
1.1669312,-8.673553,-0.6351776
-0.19537354,-10.892975,0.056747437
1.7343597,-10.493149,-0.7788391
-0.104400635,-11.819534,-0.90093994
-1.8521576,-12.552155,-1.7389069
-0.066085815,-13.751648,-0.95840454
2.8883514,-10.497925,-1.3055573
4.8444214,-13.909668,2.7526093
2.5052795,-12.384567,-0.2712555
-0.046936035,-10.610458,-3.2711945
0.89398193,-7.8714905,-0.4484253
2.3424835,-5.9273987,-0.5418091
2.3424835,-5.9273987,-0.5418091
2.3424835,-5.9273987,-0.5418091
2.3424835,-5.9273987,-0.5418091
2.3424835,-5.9273987,-0.5418091
2.3424835,-5.9273987,-0.5418091
2.3424835,-5.9273987,-0.5418091
2.3424835,-5.9273987,-0.5418091
2.3424835,-5.9273987,-0.5418091
2.3424835,-5.9273987,-0.5418091
4.3440247,-5.889084,-2.0836792
4.3440247,-5.889084,-2.0836792
4.3440247,-5.889084,-2.0836792
4.3440247,-5.889084,-2.0836792
4.3440247,-5.889084,-2.0836792
4.3440247,-5.889084,-2.0836792
4.3440247,-5.889084,-2.0836792
4.3440247,-5.889084,-2.0836792
4.3440247,-5.889084,-2.0836792
4.585846,-13.60321,1.2921448
0.44866943,-10.059784,-0.24491882
-0.046936035,1.1450806,3.9281616
-0.9112396,0.09642029,7.126816
4.035187,1.2623901,17.749893
-1.1913605,1.5377197,7.0933075
1.2698822,1.6741943,12.789108
2.5794983,1.032547,14.85051
0.029678345,1.0732422,7.69664
2.0767212,1.3581543,12.554474
-2.3645172,-0.83013916,8.513062
-2.8840637,1.1474609,7.308777
-1.6366882,1.1642303,10.545746
-2.706894,2.1530304,8.498703
-0.52098083,1.9231873,9.331879
-3.4275513,2.1362762,5.9776
0.9299011,2.9072113,8.996689
-0.18341064,1.4706879,9.73172
-1.0165863,2.1745758,10.991058
0.15896606,1.0469055,8.807556
-1.5552826,1.0804291,10.052536
-2.8984222,0.9272003,9.442017
-1.734848,2.0620575,7.4308777
1.2196045,2.4618835,8.934448
-0.013412476,1.2240753,10.907272
1.1597443,1.1809845,11.920013
1.1669312,1.2240753,11.014999
1.1453857,2.3780823,11.5920105
1.1118622,1.2240753,11.632706
2.4143066,4.4610443,6.123657
0.3888092,3.2136688,7.090912
1.0879211,4.6549683,7.581726
0.18051147,5.1840973,6.1882935
0.7599182,2.720459,9.556931
0.6952667,3.0317078,10.426025
-1.9934235,4.0061493,6.8969727
0.47261047,3.4746246,13.220062
0.5348511,4.1091003,9.00148
-1.6486511,2.5361023,9.686218
-1.849762,1.894455,9.489899
-0.6407013,2.7803192,8.335892
-1.2919159,3.5799713,7.928879
-0.50901794,3.5344849,8.158722
-0.57844543,4.420334,8.527435
-0.31507874,3.7427826,10.270401
0.51091003,3.5727997,9.755661
-0.92082214,2.6701813,9.31752
-1.0812225,4.4107666,8.881775
-0.37254333,3.9247437,9.391739
-1.5313416,2.7659454,10.189011
-0.99264526,3.7858734,8.398148
-3.1258698,3.6877136,8.311951
-0.7675934,3.2735138,9.456375
-1.7563934,4.494568,7.066971
-1.1937561,3.7308044,9.3941345
-1.2895203,4.473007,8.388565
0.6856842,4.001358,8.58728
-1.1099548,3.7978516,9.664673
-0.5449219,4.0588226,9.21936
-0.53056335,4.1091003,9.588058
-0.25523376,4.3269653,8.144363
-0.18579102,4.5137177,8.908112
-0.37493896,4.3078156,8.769241
